,PassengerId,Survived,Pclass,Sex,Age,SibSp,Parch,Fare,Embarked,Age_Group,Family Size,Surviveds,REPLACED
0,1,0,3,1,22.0,1,0,7.25,S,Adults,1,No,C
2,3,1,3,0,26.0,0,0,7.925,S,Adults,0,Yes,C
3,4,1,1,0,35.0,1,0,53.1,S,Mid-Aged Adults,1,Yes,A
4,5,0,3,1,35.0,0,0,8.05,S,Mid-Aged Adults,0,No,C
5,6,0,3,1,44.5,0,0,8.4583,Q,Seniors,0,No,C
6,7,0,1,1,54.0,0,0,51.8625,S,Seniors,0,No,A
7,8,0,3,1,2.0,3,1,21.075,S,Children,4,No,C
8,9,1,3,0,27.0,0,2,11.1333,S,Adults,2,Yes,C
9,10,1,2,0,14.0,1,0,30.0708,C,Young Adults,1,Yes,B
10,11,1,3,0,4.0,1,1,16.7,S,Children,2,Yes,C
11,12,1,1,0,58.0,0,0,26.55,S,Seniors,0,Yes,A
12,13,0,3,1,20.0,0,0,8.05,S,Adults,0,No,C
13,14,0,3,1,39.0,1,5,31.275,S,Mid-Aged Adults,6,No,C
14,15,0,3,0,14.0,0,0,7.8542,S,Young Adults,0,No,C
15,16,1,2,0,55.0,0,0,16.0,S,Seniors,0,Yes,B
16,17,0,3,1,2.0,4,1,29.125,Q,Children,5,No,C
17,18,1,2,1,16.5,0,0,13.0,S,Young Adults,0,Yes,B
18,19,0,3,0,31.0,1,0,18.0,S,Mid-Aged Adults,1,No,C
19,20,1,3,0,33.0,0,0,7.225,C,Mid-Aged Adults,0,Yes,C
20,21,0,2,1,35.0,0,0,26.0,S,Mid-Aged Adults,0,No,B
21,22,1,2,1,34.0,0,0,13.0,S,Mid-Aged Adults,0,Yes,B
22,23,1,3,0,15.0,0,0,8.0292,Q,Young Adults,0,Yes,C
23,24,1,1,1,28.0,0,0,35.5,S,Adults,0,Yes,A
24,25,0,3,0,8.0,3,1,21.075,S,Teens,4,No,C
25,26,1,3,0,38.0,1,5,31.3875,S,Mid-Aged Adults,6,Yes,C
26,27,0,3,1,38.5,0,0,7.225,C,Mid-Aged Adults,0,No,C
28,29,1,3,0,39.0,0,0,7.8792,Q,Mid-Aged Adults,0,Yes,C
29,30,0,3,1,39.5,0,0,7.8958,S,Mid-Aged Adults,0,No,C
30,31,0,1,1,40.0,0,0,27.7208,C,Seniors,0,No,A
32,33,1,3,0,53.0,0,0,7.75,Q,Seniors,0,Yes,C
33,34,0,2,1,66.0,0,0,10.5,S,Seniors,0,No,B
35,36,0,1,1,42.0,1,0,52.0,S,Seniors,1,No,A
36,37,1,3,1,31.5,0,0,7.2292,C,Mid-Aged Adults,0,Yes,C
37,38,0,3,1,21.0,0,0,8.05,S,Adults,0,No,C
38,39,0,3,0,18.0,2,0,18.0,S,Young Adults,2,No,C
39,40,1,3,0,14.0,1,0,11.2417,C,Young Adults,1,Yes,C
40,41,0,3,0,40.0,1,0,9.475,S,Seniors,1,No,C
41,42,0,2,0,27.0,1,0,21.0,S,Adults,1,No,B
42,43,0,3,1,15.0,0,0,7.8958,C,Young Adults,0,No,C
43,44,1,2,0,3.0,1,2,41.5792,C,Children,3,Yes,B
44,45,1,3,0,19.0,0,0,7.8792,Q,Young Adults,0,Yes,C
45,46,0,3,1,18.8,0,0,8.05,S,Young Adults,0,No,C
46,47,0,3,1,18.6,1,0,15.5,Q,Young Adults,1,No,C
47,48,1,3,0,18.4,0,0,7.75,Q,Young Adults,0,Yes,C
48,49,0,3,1,18.2,2,0,21.6792,C,Young Adults,2,No,C
49,50,0,3,0,18.0,1,0,17.8,S,Young Adults,1,No,C
50,51,0,3,1,7.0,4,1,39.6875,S,Teens,5,No,C
51,52,0,3,1,21.0,0,0,7.8,S,Adults,0,No,C
53,54,1,2,0,29.0,1,0,26.0,S,Adults,1,Yes,B
54,55,0,1,1,65.0,0,1,61.9792,C,Seniors,1,No,A
55,56,1,1,1,43.0,0,0,35.5,S,Seniors,0,Yes,A
56,57,1,2,0,21.0,0,0,10.5,S,Adults,0,Yes,B
57,58,0,3,1,28.5,0,0,7.2292,C,Adults,0,No,C
58,59,1,2,0,5.0,1,2,27.75,S,Children,3,Yes,B
59,60,0,3,1,11.0,5,2,46.9,S,Teens,7,No,C
60,61,0,3,1,22.0,0,0,7.2292,C,Adults,0,No,C
63,64,0,3,1,4.0,3,2,27.9,S,Children,5,No,C
64,65,0,1,1,12.333333333333334,0,0,27.7208,C,Young Adults,0,No,A
65,66,1,3,1,20.666666666666668,1,1,15.2458,C,Adults,2,Yes,C
66,67,1,2,0,29.0,0,0,10.5,S,Adults,0,Yes,B
67,68,0,3,1,19.0,0,0,8.1583,S,Young Adults,0,No,C
68,69,1,3,0,17.0,4,2,7.925,S,Young Adults,6,Yes,C
69,70,0,3,1,26.0,2,0,8.6625,S,Adults,2,No,C
70,71,0,2,1,32.0,0,0,10.5,S,Mid-Aged Adults,0,No,B
71,72,0,3,0,16.0,5,2,46.9,S,Young Adults,7,No,C
73,74,0,3,1,26.0,1,0,14.4542,C,Adults,1,No,C
74,75,1,3,1,32.0,0,0,56.4958,S,Mid-Aged Adults,0,Yes,C
75,76,0,3,1,25.0,0,0,7.65,S,Adults,0,No,C
76,77,0,3,1,16.943333333333335,0,0,7.8958,S,Young Adults,0,No,C
77,78,0,3,1,8.886666666666667,0,0,8.05,S,Teens,0,No,C
78,79,1,2,1,0.83,0,2,29.0,S,Children,2,Yes,B
79,80,1,3,0,30.0,0,0,12.475,S,Mid-Aged Adults,0,Yes,C
80,81,0,3,1,22.0,0,0,9.0,S,Adults,0,No,C
81,82,1,3,1,29.0,0,0,9.5,S,Adults,0,Yes,C
82,83,1,3,0,28.5,0,0,7.7875,Q,Adults,0,Yes,C
83,84,0,1,1,28.0,0,0,47.1,S,Adults,0,No,A
84,85,1,2,0,17.0,0,0,10.5,S,Young Adults,0,Yes,B
85,86,1,3,0,33.0,3,0,15.85,S,Mid-Aged Adults,3,Yes,C
86,87,0,3,1,16.0,1,3,34.375,S,Young Adults,4,No,C
87,88,0,3,1,20.0,0,0,8.05,S,Adults,0,No,C
89,90,0,3,1,24.0,0,0,8.05,S,Adults,0,No,C
90,91,0,3,1,29.0,0,0,8.05,S,Adults,0,No,C
91,92,0,3,1,20.0,0,0,7.8542,S,Adults,0,No,C
92,93,0,1,1,46.0,1,0,61.175,S,Seniors,1,No,A
93,94,0,3,1,26.0,1,2,20.575,S,Adults,3,No,C
94,95,0,3,1,59.0,0,0,7.25,S,Seniors,0,No,C
95,96,0,3,1,65.0,0,0,8.05,S,Seniors,0,No,C
96,97,0,1,1,71.0,0,0,34.6542,C,Seniors,0,No,A
97,98,1,1,1,23.0,0,1,63.3583,C,Adults,1,Yes,A
98,99,1,2,0,34.0,0,1,23.0,S,Mid-Aged Adults,1,Yes,B
99,100,0,2,1,34.0,1,0,26.0,S,Mid-Aged Adults,1,No,B
100,101,0,3,0,28.0,0,0,7.8958,S,Adults,0,No,C
101,102,0,3,1,30.5,0,0,7.8958,S,Mid-Aged Adults,0,No,C
103,104,0,3,1,33.0,0,0,8.6542,S,Mid-Aged Adults,0,No,C
104,105,0,3,1,37.0,2,0,7.925,S,Mid-Aged Adults,2,No,C
105,106,0,3,1,28.0,0,0,7.8958,S,Adults,0,No,C
106,107,1,3,0,21.0,0,0,7.65,S,Adults,0,Yes,C
107,108,1,3,1,29.5,0,0,7.775,S,Adults,0,Yes,C
108,109,0,3,1,38.0,0,0,7.8958,S,Mid-Aged Adults,0,No,C
109,110,1,3,0,42.5,1,0,24.15,Q,Seniors,1,Yes,C
110,111,0,1,1,47.0,0,0,52.0,S,Seniors,0,No,A
111,112,0,3,0,14.5,1,0,14.4542,C,Young Adults,1,No,C
112,113,0,3,1,22.0,0,0,8.05,S,Adults,0,No,C
113,114,0,3,0,20.0,1,0,9.825,S,Adults,1,No,C
114,115,0,3,0,17.0,0,0,14.4583,C,Young Adults,0,No,C
115,116,0,3,1,21.0,0,0,7.925,S,Adults,0,No,C
116,117,0,3,1,70.5,0,0,7.75,Q,Seniors,0,No,C
117,118,0,2,1,29.0,1,0,21.0,S,Adults,1,No,B
119,120,0,3,0,2.0,4,2,31.275,S,Children,6,No,C
121,122,0,3,1,17.25,0,0,8.05,S,Young Adults,0,No,C
122,123,0,2,1,32.5,1,0,30.0708,C,Mid-Aged Adults,1,No,B
123,124,1,2,0,32.5,0,0,13.0,S,Mid-Aged Adults,0,Yes,B
125,126,1,3,1,12.0,1,0,11.2417,C,Young Adults,1,Yes,C
126,127,0,3,1,18.0,0,0,7.75,Q,Young Adults,0,No,C
127,128,1,3,1,24.0,0,0,7.1417,S,Adults,0,Yes,C
128,129,1,3,0,34.5,1,1,22.3583,C,Mid-Aged Adults,2,Yes,C
129,130,0,3,1,45.0,0,0,6.975,S,Seniors,0,No,C
130,131,0,3,1,33.0,0,0,7.8958,C,Mid-Aged Adults,0,No,C
131,132,0,3,1,20.0,0,0,7.05,S,Adults,0,No,C
132,133,0,3,0,47.0,1,0,14.5,S,Seniors,1,No,C
133,134,1,2,0,29.0,1,0,26.0,S,Adults,1,Yes,B
134,135,0,2,1,25.0,0,0,13.0,S,Adults,0,No,B
135,136,0,2,1,23.0,0,0,15.0458,C,Adults,0,No,B
136,137,1,1,0,19.0,0,2,26.2833,S,Young Adults,2,Yes,A
137,138,0,1,1,37.0,1,0,53.1,S,Mid-Aged Adults,1,No,A
138,139,0,3,1,16.0,0,0,9.2167,S,Young Adults,0,No,C
140,141,0,3,0,19.0,0,2,15.2458,C,Young Adults,2,No,C
141,142,1,3,0,22.0,0,0,7.75,S,Adults,0,Yes,C
142,143,1,3,0,24.0,1,0,15.85,S,Adults,1,Yes,C
143,144,0,3,1,19.0,0,0,6.75,Q,Young Adults,0,No,C
144,145,0,2,1,18.0,0,0,11.5,S,Young Adults,0,No,B
145,146,0,2,1,19.0,1,1,36.75,S,Young Adults,2,No,B
146,147,1,3,1,27.0,0,0,7.7958,S,Adults,0,Yes,C
147,148,0,3,0,9.0,2,2,34.375,S,Teens,4,No,C
148,149,0,2,1,36.5,0,2,26.0,S,Mid-Aged Adults,2,No,B
149,150,0,2,1,42.0,0,0,13.0,S,Seniors,0,No,B
150,151,0,2,1,51.0,0,0,12.525,S,Seniors,0,No,B
152,153,0,3,1,55.5,0,0,8.05,S,Seniors,0,No,C
153,154,0,3,1,40.5,0,2,14.5,S,Seniors,2,No,C
154,155,0,3,1,45.75,0,0,7.3125,S,Seniors,0,No,C
155,156,0,1,1,51.0,0,1,61.3792,C,Seniors,1,No,A
156,157,1,3,0,16.0,0,0,7.7333,Q,Young Adults,0,Yes,C
157,158,0,3,1,30.0,0,0,8.05,S,Mid-Aged Adults,0,No,C
158,159,0,3,1,37.0,0,0,8.6625,S,Mid-Aged Adults,0,No,C
160,161,0,3,1,44.0,0,1,16.1,S,Seniors,1,No,C
161,162,1,2,0,40.0,0,0,15.75,S,Seniors,0,Yes,B
162,163,0,3,1,26.0,0,0,7.775,S,Adults,0,No,C
163,164,0,3,1,17.0,0,0,8.6625,S,Young Adults,0,No,C
164,165,0,3,1,1.0,4,1,39.6875,S,Children,5,No,C
165,166,1,3,1,9.0,0,2,20.525,S,Teens,2,Yes,C
166,167,1,1,0,27.0,0,1,55.0,S,Adults,1,Yes,A
167,168,0,3,0,45.0,1,4,27.9,S,Seniors,5,No,C
168,169,0,1,1,36.5,0,0,25.925,S,Mid-Aged Adults,0,No,A
169,170,0,3,1,28.0,0,0,56.4958,S,Adults,0,No,C
170,171,0,1,1,61.0,0,0,33.5,S,Seniors,0,No,A
171,172,0,3,1,4.0,4,1,29.125,Q,Children,5,No,C
172,173,1,3,0,1.0,1,1,11.1333,S,Children,2,Yes,C
173,174,0,3,1,21.0,0,0,7.925,S,Adults,0,No,C
174,175,0,1,1,56.0,0,0,30.6958,C,Seniors,0,No,A
175,176,0,3,1,18.0,1,1,7.8542,S,Young Adults,2,No,C
176,177,0,3,1,34.0,3,1,25.4667,S,Mid-Aged Adults,4,No,C
177,178,0,1,0,50.0,0,0,28.7125,C,Seniors,0,No,A
178,179,0,2,1,30.0,0,0,13.0,S,Mid-Aged Adults,0,No,B
179,180,0,3,1,36.0,0,0,0.0,S,Mid-Aged Adults,0,No,C
181,182,0,2,1,22.5,0,0,15.05,C,Adults,0,No,B
182,183,0,3,1,9.0,4,2,31.3875,S,Teens,6,No,C
183,184,1,2,1,1.0,2,1,39.0,S,Children,3,Yes,B
184,185,1,3,0,4.0,0,2,22.025,S,Children,2,Yes,C
185,186,0,1,1,17.666666666666664,0,0,50.0,S,Young Adults,0,No,A
186,187,1,3,0,31.333333333333332,1,0,15.5,Q,Mid-Aged Adults,1,Yes,C
187,188,1,1,1,45.0,0,0,26.55,S,Seniors,0,Yes,A
188,189,0,3,1,40.0,1,1,15.5,Q,Seniors,2,No,C
189,190,0,3,1,36.0,0,0,7.8958,S,Mid-Aged Adults,0,No,C
190,191,1,2,0,32.0,0,0,13.0,S,Mid-Aged Adults,0,Yes,B
191,192,0,2,1,19.0,0,0,13.0,S,Young Adults,0,No,B
192,193,1,3,0,19.0,1,0,7.8542,S,Young Adults,1,Yes,C
193,194,1,2,1,3.0,1,1,26.0,S,Children,2,Yes,B
194,195,1,1,0,44.0,0,0,27.7208,C,Seniors,0,Yes,A
196,197,0,3,1,43.0,0,0,7.75,Q,Seniors,0,No,C
197,198,0,3,1,42.0,0,1,8.4042,S,Seniors,1,No,C
198,199,1,3,0,33.0,0,0,7.75,Q,Mid-Aged Adults,0,Yes,C
199,200,0,2,0,24.0,0,0,13.0,S,Adults,0,No,B
200,201,0,3,1,28.0,0,0,9.5,S,Adults,0,No,C
202,203,0,3,1,34.0,0,0,6.4958,S,Mid-Aged Adults,0,No,C
203,204,0,3,1,45.5,0,0,7.225,C,Seniors,0,No,C
204,205,1,3,1,18.0,0,0,8.05,S,Young Adults,0,Yes,C
205,206,0,3,0,2.0,0,1,10.4625,S,Children,1,No,C
206,207,0,3,1,32.0,1,0,15.85,S,Mid-Aged Adults,1,No,C
207,208,1,3,1,26.0,0,0,18.7875,C,Adults,0,Yes,C
208,209,1,3,0,16.0,0,0,7.75,Q,Young Adults,0,Yes,C
209,210,1,1,1,40.0,0,0,31.0,C,Seniors,0,Yes,A
210,211,0,3,1,24.0,0,0,7.05,S,Adults,0,No,C
211,212,1,2,0,35.0,0,0,21.0,S,Mid-Aged Adults,0,Yes,B
212,213,0,3,1,22.0,0,0,7.25,S,Adults,0,No,C
213,214,0,2,1,30.0,0,0,13.0,S,Mid-Aged Adults,0,No,B
214,215,0,3,1,28.5,1,0,7.75,Q,Adults,1,No,C
216,217,1,3,0,27.0,0,0,7.925,S,Adults,0,Yes,C
217,218,0,2,1,42.0,1,0,27.0,S,Seniors,1,No,B
219,220,0,2,1,30.0,0,0,10.5,S,Mid-Aged Adults,0,No,B
220,221,1,3,1,16.0,0,0,8.05,S,Young Adults,0,Yes,C
221,222,0,2,1,27.0,0,0,13.0,S,Adults,0,No,B
222,223,0,3,1,51.0,0,0,8.05,S,Seniors,0,No,C
223,224,0,3,1,36.5,0,0,7.8958,S,Mid-Aged Adults,0,No,C
225,226,0,3,1,22.0,0,0,9.35,S,Adults,0,No,C
226,227,1,2,1,19.0,0,0,10.5,S,Young Adults,0,Yes,B
227,228,0,3,1,20.5,0,0,7.25,S,Adults,0,No,C
228,229,0,2,1,18.0,0,0,13.0,S,Young Adults,0,No,B
229,230,0,3,0,23.5,3,1,25.4667,S,Adults,4,No,C
231,232,0,3,1,29.0,0,0,7.775,S,Adults,0,No,C
232,233,0,2,1,59.0,0,0,13.5,S,Seniors,0,No,B
233,234,1,3,0,5.0,4,2,31.3875,S,Children,6,Yes,C
234,235,0,2,1,24.0,0,0,10.5,S,Adults,0,No,B
235,236,0,3,0,34.0,0,0,7.55,S,Mid-Aged Adults,0,No,C
236,237,0,2,1,44.0,1,0,26.0,S,Seniors,1,No,B
237,238,1,2,0,8.0,0,2,26.25,S,Teens,2,Yes,B
238,239,0,2,1,19.0,0,0,10.5,S,Young Adults,0,No,B
239,240,0,2,1,33.0,0,0,12.275,S,Mid-Aged Adults,0,No,B
240,241,0,3,0,31.666666666666668,1,0,14.4542,C,Mid-Aged Adults,1,No,C
241,242,1,3,0,30.333333333333332,1,0,15.5,Q,Mid-Aged Adults,1,Yes,C
242,243,0,2,1,29.0,0,0,10.5,S,Adults,0,No,B
243,244,0,3,1,22.0,0,0,7.125,S,Adults,0,No,C
244,245,0,3,1,30.0,0,0,7.225,C,Mid-Aged Adults,0,No,C
246,247,0,3,0,25.0,0,0,7.775,S,Adults,0,No,C
247,248,1,2,0,24.0,0,2,14.5,S,Adults,2,Yes,B
248,249,1,1,1,37.0,1,1,52.5542,S,Mid-Aged Adults,2,Yes,A
249,250,0,2,1,54.0,1,0,26.0,S,Seniors,1,No,B
250,251,0,3,1,41.5,0,0,7.25,S,Seniors,0,No,C
251,252,0,3,0,29.0,1,1,10.4625,S,Adults,2,No,C
252,253,0,1,1,62.0,0,0,26.55,S,Seniors,0,No,A
253,254,0,3,1,30.0,1,0,16.1,S,Mid-Aged Adults,1,No,C
254,255,0,3,0,41.0,0,2,20.2125,S,Seniors,2,No,C
255,256,1,3,0,29.0,0,2,15.2458,C,Adults,2,Yes,C
259,260,1,2,0,50.0,0,1,26.0,S,Seniors,1,Yes,B
260,261,0,3,1,26.5,0,0,7.75,Q,Adults,0,No,C
261,262,1,3,1,3.0,4,2,31.3875,S,Children,6,Yes,C
263,264,0,1,1,40.0,0,0,0.0,S,Seniors,0,No,A
264,265,0,3,0,38.0,0,0,7.75,Q,Mid-Aged Adults,0,No,C
265,266,0,2,1,36.0,0,0,10.5,S,Mid-Aged Adults,0,No,B
266,267,0,3,1,16.0,4,1,39.6875,S,Young Adults,5,No,C
267,268,1,3,1,25.0,1,0,7.775,S,Adults,1,Yes,C
270,271,0,1,1,25.0,0,0,31.0,S,Adults,0,No,A
271,272,1,3,1,25.0,0,0,0.0,S,Adults,0,Yes,C
272,273,1,2,0,41.0,0,1,19.5,S,Seniors,1,Yes,B
273,274,0,1,1,37.0,0,1,29.7,C,Mid-Aged Adults,1,No,A
274,275,1,3,0,41.0,0,0,7.75,Q,Seniors,0,Yes,C
276,277,0,3,0,45.0,0,0,7.75,S,Seniors,0,No,C
277,278,0,2,1,26.0,0,0,0.0,S,Adults,0,No,B
278,279,0,3,1,7.0,4,1,29.125,Q,Teens,5,No,C
279,280,1,3,0,35.0,1,1,20.25,S,Mid-Aged Adults,2,Yes,C
280,281,0,3,1,65.0,0,0,7.75,Q,Seniors,0,No,C
281,282,0,3,1,28.0,0,0,7.8542,S,Adults,0,No,C
282,283,0,3,1,16.0,0,0,9.5,S,Young Adults,0,No,C
283,284,1,3,1,19.0,0,0,8.05,S,Young Adults,0,Yes,C
284,285,0,1,1,26.0,0,0,26.0,S,Adults,0,No,A
285,286,0,3,1,33.0,0,0,8.6625,C,Mid-Aged Adults,0,No,C
286,287,1,3,1,30.0,0,0,9.5,S,Mid-Aged Adults,0,Yes,C
287,288,0,3,1,22.0,0,0,7.8958,S,Adults,0,No,C
288,289,1,2,1,42.0,0,0,13.0,S,Seniors,0,Yes,B
289,290,1,3,0,22.0,0,0,7.75,Q,Adults,0,Yes,C
292,293,0,2,1,36.0,0,0,12.875,C,Mid-Aged Adults,0,No,B
293,294,0,3,0,24.0,0,0,8.85,S,Adults,0,No,C
294,295,0,3,1,24.0,0,0,7.8958,S,Adults,0,No,C
295,296,0,1,1,23.75,0,0,27.7208,C,Adults,0,No,A
296,297,0,3,1,23.5,0,0,7.2292,C,Adults,0,No,C
298,299,1,1,1,22.375,0,0,30.5,S,Adults,0,Yes,A
300,301,1,3,0,21.25,0,0,7.75,Q,Adults,0,Yes,C
301,302,1,3,1,20.125,2,0,23.25,Q,Adults,2,Yes,C
302,303,0,3,1,19.0,0,0,0.0,S,Young Adults,0,No,C
303,304,1,2,0,22.666666666666668,0,0,12.35,Q,Adults,0,Yes,B
304,305,0,3,1,26.333333333333332,0,0,8.05,S,Adults,0,No,C
308,309,0,2,1,30.0,1,0,24.0,C,Mid-Aged Adults,1,No,B
309,310,1,1,0,30.0,0,0,56.9292,C,Mid-Aged Adults,0,Yes,A
312,313,0,2,0,26.0,1,1,26.0,S,Adults,2,No,B
313,314,0,3,1,28.0,0,0,7.8958,S,Adults,0,No,C
314,315,0,2,1,43.0,1,1,26.25,S,Seniors,2,No,B
315,316,1,3,0,26.0,0,0,7.8542,S,Adults,0,Yes,C
316,317,1,2,0,24.0,1,0,26.0,S,Adults,1,Yes,B
317,318,0,2,1,54.0,0,0,14.0,S,Seniors,0,No,B
320,321,0,3,1,22.0,0,0,7.25,S,Adults,0,No,C
321,322,0,3,1,27.0,0,0,7.8958,S,Adults,0,No,C
322,323,1,2,0,30.0,0,0,12.35,Q,Mid-Aged Adults,0,Yes,B
323,324,1,2,0,22.0,1,1,29.0,S,Adults,2,Yes,B
326,327,0,3,1,61.0,0,0,6.2375,S,Seniors,0,No,C
327,328,1,2,0,36.0,0,0,13.0,S,Mid-Aged Adults,0,Yes,B
328,329,1,3,0,31.0,1,1,20.525,S,Mid-Aged Adults,2,Yes,C
329,330,1,1,0,16.0,0,1,57.9792,C,Young Adults,1,Yes,A
330,331,1,3,0,30.75,2,0,23.25,Q,Mid-Aged Adults,2,Yes,C
331,332,0,1,1,45.5,0,0,28.5,S,Seniors,0,No,A
333,334,0,3,1,16.0,2,0,18.0,S,Young Adults,2,No,C
335,336,0,3,1,30.5,0,0,7.8958,S,Mid-Aged Adults,0,No,C
338,339,1,3,1,45.0,0,0,8.05,S,Seniors,0,Yes,C
339,340,0,1,1,45.0,0,0,35.5,S,Seniors,0,No,A
340,341,1,2,1,2.0,1,1,26.0,S,Children,2,Yes,B
342,343,0,2,1,28.0,0,0,13.0,S,Adults,0,No,B
343,344,0,2,1,25.0,0,0,13.0,S,Adults,0,No,B
344,345,0,2,1,36.0,0,0,13.0,S,Mid-Aged Adults,0,No,B
345,346,1,2,0,24.0,0,0,13.0,S,Adults,0,Yes,B
346,347,1,2,0,40.0,0,0,13.0,S,Seniors,0,Yes,B
347,348,1,3,0,21.5,1,0,16.1,S,Adults,1,Yes,C
348,349,1,3,1,3.0,1,1,15.9,S,Children,2,Yes,C
349,350,0,3,1,42.0,0,0,8.6625,S,Seniors,0,No,C
350,351,0,3,1,23.0,0,0,9.225,S,Adults,0,No,C
351,352,0,1,1,19.0,0,0,35.0,S,Young Adults,0,No,A
352,353,0,3,1,15.0,1,1,7.2292,C,Young Adults,2,No,C
353,354,0,3,1,25.0,1,0,17.8,S,Adults,1,No,C
354,355,0,3,1,26.5,0,0,7.225,C,Adults,0,No,C
355,356,0,3,1,28.0,0,0,9.5,S,Adults,0,No,C
356,357,1,1,0,22.0,0,1,55.0,S,Adults,1,Yes,A
357,358,0,2,0,38.0,0,0,13.0,S,Mid-Aged Adults,0,No,B
358,359,1,3,0,38.666666666666664,0,0,7.8792,Q,Mid-Aged Adults,0,Yes,C
359,360,1,3,0,39.333333333333336,0,0,7.8792,Q,Mid-Aged Adults,0,Yes,C
360,361,0,3,1,40.0,1,4,27.9,S,Seniors,5,No,C
361,362,0,2,1,29.0,1,0,27.7208,C,Adults,1,No,B
362,363,0,3,0,45.0,0,1,14.4542,C,Seniors,1,No,C
363,364,0,3,1,35.0,0,0,7.05,S,Mid-Aged Adults,0,No,C
364,365,0,3,1,32.5,1,0,15.5,Q,Mid-Aged Adults,1,No,C
365,366,0,3,1,30.0,0,0,7.25,S,Mid-Aged Adults,0,No,C
367,368,1,3,0,28.333333333333332,0,0,7.2292,C,Adults,0,Yes,C
368,369,1,3,0,26.666666666666668,0,0,7.75,Q,Adults,0,Yes,C
370,371,1,1,1,25.0,1,0,55.4417,C,Adults,1,Yes,A
371,372,0,3,1,18.0,1,0,6.4958,S,Young Adults,1,No,C
372,373,0,3,1,19.0,0,0,8.05,S,Young Adults,0,No,C
374,375,0,3,0,3.0,3,1,21.075,S,Children,4,No,C
376,377,1,3,0,22.0,0,0,7.25,S,Adults,0,Yes,C
378,379,0,3,1,20.0,0,0,4.0125,C,Adults,0,No,C
379,380,0,3,1,19.0,0,0,7.775,S,Young Adults,0,No,C
381,382,1,3,0,1.0,0,2,15.7417,C,Children,2,Yes,C
382,383,0,3,1,32.0,0,0,7.925,S,Mid-Aged Adults,0,No,C
383,384,1,1,0,35.0,1,0,52.0,S,Mid-Aged Adults,1,Yes,A
384,385,0,3,1,18.0,0,0,7.8958,S,Young Adults,0,No,C
386,387,0,3,1,1.0,5,2,46.9,S,Children,7,No,C
387,388,1,2,0,36.0,0,0,13.0,S,Mid-Aged Adults,0,Yes,B
388,389,0,3,1,26.5,0,0,7.7292,Q,Adults,0,No,C
389,390,1,2,0,17.0,0,0,12.0,C,Young Adults,0,Yes,B
391,392,1,3,1,21.0,0,0,7.7958,S,Adults,0,Yes,C
392,393,0,3,1,28.0,2,0,7.925,S,Adults,2,No,C
394,395,1,3,0,24.0,0,2,16.7,S,Adults,2,Yes,C
395,396,0,3,1,22.0,0,0,7.7958,S,Adults,0,No,C
396,397,0,3,0,31.0,0,0,7.8542,S,Mid-Aged Adults,0,No,C
397,398,0,2,1,46.0,0,0,26.0,S,Seniors,0,No,B
398,399,0,2,1,23.0,0,0,10.5,S,Adults,0,No,B
399,400,1,2,0,28.0,0,0,12.65,S,Adults,0,Yes,B
400,401,1,3,1,39.0,0,0,7.925,S,Mid-Aged Adults,0,Yes,C
401,402,0,3,1,26.0,0,0,8.05,S,Adults,0,No,C
402,403,0,3,0,21.0,1,0,9.825,S,Adults,1,No,C
403,404,0,3,1,28.0,1,0,15.85,S,Adults,1,No,C
404,405,0,3,0,20.0,0,0,8.6625,S,Adults,0,No,C
405,406,0,2,1,34.0,1,0,21.0,S,Mid-Aged Adults,1,No,B
406,407,0,3,1,51.0,0,0,7.75,S,Seniors,0,No,C
407,408,1,2,1,3.0,1,1,18.75,S,Children,2,Yes,B
408,409,0,3,1,21.0,0,0,7.775,S,Adults,0,No,C
409,410,0,3,0,25.6,3,1,25.4667,S,Adults,4,No,C
410,411,0,3,1,30.2,0,0,7.8958,S,Mid-Aged Adults,0,No,C
411,412,0,3,1,34.8,0,0,6.8583,Q,Mid-Aged Adults,0,No,C
413,414,0,2,1,39.4,0,0,0.0,S,Mid-Aged Adults,0,No,B
414,415,1,3,1,44.0,0,0,7.925,S,Seniors,0,Yes,C
415,416,0,3,0,39.0,0,0,8.05,S,Mid-Aged Adults,0,No,C
416,417,1,2,0,34.0,1,1,32.5,S,Mid-Aged Adults,2,Yes,B
417,418,1,2,0,18.0,0,2,13.0,S,Young Adults,2,Yes,B
418,419,0,2,1,30.0,0,0,13.0,S,Mid-Aged Adults,0,No,B
419,420,0,3,0,10.0,0,2,24.15,S,Teens,2,No,C
420,421,0,3,1,15.5,0,0,7.8958,C,Young Adults,0,No,C
421,422,0,3,1,21.0,0,0,7.7333,Q,Adults,0,No,C
422,423,0,3,1,29.0,0,0,7.875,S,Adults,0,No,C
423,424,0,3,0,28.0,1,1,14.4,S,Adults,2,No,C
424,425,0,3,1,18.0,1,1,20.2125,S,Young Adults,2,No,C
425,426,0,3,1,23.0,0,0,7.25,S,Adults,0,No,C
426,427,1,2,0,28.0,1,0,26.0,S,Adults,1,Yes,B
427,428,1,2,0,19.0,0,0,26.0,S,Young Adults,0,Yes,B
428,429,0,3,1,25.5,0,0,7.75,Q,Adults,0,No,C
429,430,1,3,1,32.0,0,0,8.05,S,Mid-Aged Adults,0,Yes,C
430,431,1,1,1,28.0,0,0,26.55,S,Adults,0,Yes,A
431,432,1,3,0,35.0,1,0,16.1,S,Mid-Aged Adults,1,Yes,C
432,433,1,2,0,42.0,1,0,26.0,S,Seniors,1,Yes,B
433,434,0,3,1,17.0,0,0,7.125,S,Young Adults,0,No,C
434,435,0,1,1,50.0,1,0,55.9,S,Seniors,1,No,A
436,437,0,3,0,21.0,2,2,34.375,S,Adults,4,No,C
437,438,1,2,0,24.0,2,3,18.75,S,Adults,5,Yes,B
439,440,0,2,1,31.0,0,0,10.5,S,Mid-Aged Adults,0,No,B
440,441,1,2,0,45.0,1,1,26.25,S,Seniors,2,Yes,B
441,442,0,3,1,20.0,0,0,9.5,S,Adults,0,No,C
442,443,0,3,1,25.0,1,0,7.775,S,Adults,1,No,C
443,444,1,2,0,28.0,0,0,13.0,S,Adults,0,Yes,B
444,445,1,3,1,20.5,0,0,8.1125,S,Adults,0,Yes,C
446,447,1,2,0,13.0,0,1,19.5,S,Young Adults,1,Yes,B
447,448,1,1,1,34.0,0,0,26.55,S,Mid-Aged Adults,0,Yes,A
448,449,1,3,0,5.0,2,1,19.2583,C,Children,3,Yes,C
449,450,1,1,1,52.0,0,0,30.5,S,Seniors,0,Yes,A
450,451,0,2,1,36.0,1,2,27.75,S,Mid-Aged Adults,3,No,B
451,452,0,3,1,33.0,1,0,19.9667,S,Mid-Aged Adults,1,No,C
452,453,0,1,1,30.0,0,0,27.75,C,Mid-Aged Adults,0,No,A
454,455,0,3,1,29.5,0,0,8.05,S,Adults,0,No,C
455,456,1,3,1,29.0,0,0,7.8958,C,Adults,0,Yes,C
456,457,0,1,1,65.0,0,0,26.55,S,Seniors,0,No,A
457,458,1,1,0,57.5,1,0,51.8625,S,Seniors,1,Yes,A
458,459,1,2,0,50.0,0,0,10.5,S,Seniors,0,Yes,B
459,460,0,3,1,49.0,0,0,7.75,Q,Seniors,0,No,C
460,461,1,1,1,48.0,0,0,26.55,S,Seniors,0,Yes,A
461,462,0,3,1,34.0,0,0,8.05,S,Mid-Aged Adults,0,No,C
462,463,0,1,1,47.0,0,0,38.5,S,Seniors,0,No,A
463,464,0,2,1,48.0,0,0,13.0,S,Seniors,0,No,B
464,465,0,3,1,43.0,0,0,8.05,S,Seniors,0,No,C
465,466,0,3,1,38.0,0,0,7.05,S,Mid-Aged Adults,0,No,C
466,467,0,2,1,47.0,0,0,0.0,S,Seniors,0,No,B
467,468,0,1,1,56.0,0,0,26.55,S,Seniors,0,No,A
468,469,0,3,1,28.375,0,0,7.725,Q,Adults,0,No,C
469,470,1,3,0,0.75,2,1,19.2583,C,Children,3,Yes,C
470,471,0,3,1,19.375,0,0,7.25,S,Young Adults,0,No,C
471,472,0,3,1,38.0,0,0,8.6625,S,Mid-Aged Adults,0,No,C
472,473,1,2,0,33.0,1,2,27.75,S,Mid-Aged Adults,3,Yes,B
473,474,1,2,0,23.0,0,0,13.7917,C,Adults,0,Yes,B
474,475,0,3,0,22.0,0,0,9.8375,S,Adults,0,No,C
475,476,0,1,1,28.0,0,0,52.0,S,Adults,0,No,A
476,477,0,2,1,34.0,1,0,21.0,S,Mid-Aged Adults,1,No,B
477,478,0,3,1,29.0,1,0,7.0458,S,Adults,1,No,C
478,479,0,3,1,22.0,0,0,7.5208,S,Adults,0,No,C
479,480,1,3,0,2.0,0,1,12.2875,S,Children,1,Yes,C
480,481,0,3,1,9.0,5,2,46.9,S,Teens,7,No,C
481,482,0,2,1,29.5,0,0,0.0,S,Adults,0,No,B
482,483,0,3,1,50.0,0,0,8.05,S,Seniors,0,No,C
483,484,1,3,0,63.0,0,0,9.5875,S,Seniors,0,Yes,C
485,486,0,3,0,60.5,3,1,25.4667,S,Seniors,4,No,C
487,488,0,1,1,58.0,0,0,29.7,C,Seniors,0,No,A
488,489,0,3,1,30.0,0,0,8.05,S,Mid-Aged Adults,0,No,C
489,490,1,3,1,9.0,1,1,15.9,S,Teens,2,Yes,C
490,491,0,3,1,15.0,1,0,19.9667,S,Young Adults,1,No,C
491,492,0,3,1,21.0,0,0,7.25,S,Adults,0,No,C
492,493,0,1,1,55.0,0,0,30.5,S,Seniors,0,No,A
493,494,0,1,1,71.0,0,0,49.5042,C,Seniors,0,No,A
494,495,0,3,1,21.0,0,0,8.05,S,Adults,0,No,C
495,496,0,3,1,22.0,0,0,14.4583,C,Adults,0,No,C
497,498,0,3,1,23.0,0,0,15.1,S,Adults,0,No,C
499,500,0,3,1,24.0,0,0,7.7958,S,Adults,0,No,C
500,501,0,3,1,17.0,0,0,8.6625,S,Young Adults,0,No,C
501,502,0,3,0,21.0,0,0,7.75,Q,Adults,0,No,C
502,503,0,3,0,29.0,0,0,7.6292,Q,Adults,0,No,C
503,504,0,3,0,37.0,0,0,9.5875,S,Mid-Aged Adults,0,No,C
506,507,1,2,0,33.0,0,2,26.0,S,Mid-Aged Adults,2,Yes,B
507,508,1,1,1,30.5,0,0,26.55,S,Mid-Aged Adults,0,Yes,A
508,509,0,3,1,28.0,0,0,22.525,S,Adults,0,No,C
509,510,1,3,1,26.0,0,0,56.4958,S,Adults,0,Yes,C
510,511,1,3,1,29.0,0,0,7.75,Q,Adults,0,Yes,C
511,512,0,3,1,32.5,0,0,8.05,S,Mid-Aged Adults,0,No,C
512,513,1,1,1,36.0,0,0,26.2875,S,Mid-Aged Adults,0,Yes,A
513,514,1,1,0,54.0,1,0,59.4,C,Seniors,1,Yes,A
514,515,0,3,1,24.0,0,0,7.4958,S,Adults,0,No,C
515,516,0,1,1,47.0,0,0,34.0208,S,Seniors,0,No,A
516,517,1,2,0,34.0,0,0,10.5,S,Mid-Aged Adults,0,Yes,B
517,518,0,3,1,35.0,0,0,24.15,Q,Mid-Aged Adults,0,No,C
518,519,1,2,0,36.0,1,0,26.0,S,Mid-Aged Adults,1,Yes,B
519,520,0,3,1,32.0,0,0,7.8958,S,Mid-Aged Adults,0,No,C
521,522,0,3,1,22.0,0,0,7.8958,S,Adults,0,No,C
522,523,0,3,1,33.0,0,0,7.225,C,Mid-Aged Adults,0,No,C
523,524,1,1,0,44.0,0,1,57.9792,C,Seniors,1,Yes,A
524,525,0,3,1,42.25,0,0,7.2292,C,Seniors,0,No,C
525,526,0,3,1,40.5,0,0,7.75,Q,Seniors,0,No,C
526,527,1,2,0,50.0,0,0,10.5,S,Seniors,0,Yes,B
528,529,0,3,1,39.0,0,0,7.925,S,Mid-Aged Adults,0,No,C
529,530,0,2,1,23.0,2,1,11.5,S,Adults,3,No,B
530,531,1,2,0,2.0,1,1,26.0,S,Children,2,Yes,B
531,532,0,3,1,9.5,0,0,7.2292,C,Teens,0,No,C
532,533,0,3,1,17.0,1,1,7.2292,C,Young Adults,2,No,C
533,534,1,3,0,23.5,0,2,22.3583,C,Adults,2,Yes,C
534,535,0,3,0,30.0,0,0,8.6625,S,Mid-Aged Adults,0,No,C
535,536,1,2,0,7.0,0,2,26.25,S,Teens,2,Yes,B
536,537,0,1,1,45.0,0,0,26.55,S,Seniors,0,No,A
538,539,0,3,1,33.5,0,0,14.5,S,Mid-Aged Adults,0,No,C
539,540,1,1,0,22.0,0,2,49.5,C,Adults,2,Yes,A
541,542,0,3,0,9.0,4,2,31.275,S,Teens,6,No,C
542,543,0,3,0,11.0,4,2,31.275,S,Teens,6,No,C
543,544,1,2,1,32.0,1,0,26.0,S,Mid-Aged Adults,1,Yes,B
545,546,0,1,1,64.0,0,0,26.0,S,Seniors,0,No,A
546,547,1,2,0,19.0,1,0,26.0,S,Young Adults,1,Yes,B
547,548,1,2,1,26.0,0,0,13.8625,C,Adults,0,Yes,B
548,549,0,3,1,33.0,1,1,20.525,S,Mid-Aged Adults,2,No,C
549,550,1,2,1,8.0,1,1,36.75,S,Teens,2,Yes,B
551,552,0,2,1,27.0,0,0,26.0,S,Adults,0,No,B
552,553,0,3,1,24.5,0,0,7.8292,Q,Adults,0,No,C
553,554,1,3,1,22.0,0,0,7.225,C,Adults,0,Yes,C
554,555,1,3,0,22.0,0,0,7.775,S,Adults,0,Yes,C
555,556,0,1,1,62.0,0,0,26.55,S,Seniors,0,No,A
556,557,1,1,0,48.0,1,0,39.6,C,Seniors,1,Yes,A
559,560,1,3,0,36.0,1,0,17.4,S,Mid-Aged Adults,1,Yes,C
560,561,0,3,1,38.0,0,0,7.75,Q,Mid-Aged Adults,0,No,C
561,562,0,3,1,40.0,0,0,7.8958,S,Seniors,0,No,C
562,563,0,2,1,28.0,0,0,13.5,S,Adults,0,No,B
563,564,0,3,1,26.666666666666668,0,0,8.05,S,Adults,0,No,C
564,565,0,3,0,25.333333333333332,0,0,8.05,S,Adults,0,No,C
565,566,0,3,1,24.0,2,0,24.15,S,Adults,2,No,C
566,567,0,3,1,19.0,0,0,7.8958,S,Young Adults,0,No,C
567,568,0,3,0,29.0,0,4,21.075,S,Adults,4,No,C
568,569,0,3,1,30.5,0,0,7.2292,C,Mid-Aged Adults,0,No,C
569,570,1,3,1,32.0,0,0,7.8542,S,Mid-Aged Adults,0,Yes,C
570,571,1,2,1,62.0,0,0,10.5,S,Seniors,0,Yes,B
571,572,1,1,0,53.0,2,0,51.4792,S,Seniors,2,Yes,A
572,573,1,1,1,36.0,0,0,26.3875,S,Mid-Aged Adults,0,Yes,A
573,574,1,3,0,26.0,0,0,7.75,Q,Adults,0,Yes,C
574,575,0,3,1,16.0,0,0,8.05,S,Young Adults,0,No,C
575,576,0,3,1,19.0,0,0,14.5,S,Young Adults,0,No,C
576,577,1,2,0,34.0,0,0,13.0,S,Mid-Aged Adults,0,Yes,B
577,578,1,1,0,39.0,1,0,55.9,S,Mid-Aged Adults,1,Yes,A
578,579,0,3,0,35.5,1,0,14.4583,C,Mid-Aged Adults,1,No,C
579,580,1,3,1,32.0,0,0,7.925,S,Mid-Aged Adults,0,Yes,C
580,581,1,2,0,25.0,1,1,30.0,S,Adults,2,Yes,B
582,583,0,2,1,54.0,0,0,26.0,S,Seniors,0,No,B
583,584,0,1,1,36.0,0,0,40.125,C,Mid-Aged Adults,0,No,A
584,585,0,3,1,41.5,0,0,8.7125,C,Seniors,0,No,C
586,587,0,2,1,47.0,0,0,15.0,S,Seniors,0,No,B
588,589,0,3,1,22.0,0,0,8.05,S,Adults,0,No,C
589,590,0,3,1,28.5,0,0,8.05,S,Adults,0,No,C
590,591,0,3,1,35.0,0,0,7.125,S,Mid-Aged Adults,0,No,C
592,593,0,3,1,47.0,0,0,7.25,S,Seniors,0,No,C
593,594,0,3,0,42.0,0,2,7.75,Q,Seniors,2,No,C
594,595,0,2,1,37.0,1,0,26.0,S,Mid-Aged Adults,1,No,B
595,596,0,3,1,36.0,1,1,24.15,S,Mid-Aged Adults,2,No,C
596,597,1,2,0,42.5,0,0,33.0,S,Seniors,0,Yes,B
597,598,0,3,1,49.0,0,0,0.0,S,Seniors,0,No,C
598,599,0,3,1,49.0,0,0,7.225,C,Seniors,0,No,C
599,600,1,1,1,49.0,1,0,56.9292,C,Seniors,1,Yes,A
600,601,1,2,0,24.0,2,1,27.0,S,Adults,3,Yes,B
601,602,0,3,1,30.666666666666668,0,0,7.8958,S,Mid-Aged Adults,0,No,C
602,603,0,1,1,37.333333333333336,0,0,42.4,S,Mid-Aged Adults,0,No,A
603,604,0,3,1,44.0,0,0,8.05,S,Seniors,0,No,C
604,605,1,1,1,35.0,0,0,26.55,C,Mid-Aged Adults,0,Yes,A
605,606,0,3,1,36.0,1,0,15.55,S,Mid-Aged Adults,1,No,C
606,607,0,3,1,30.0,0,0,7.8958,S,Mid-Aged Adults,0,No,C
607,608,1,1,1,27.0,0,0,30.5,S,Adults,0,Yes,A
608,609,1,2,0,22.0,1,2,41.5792,C,Adults,3,Yes,B
610,611,0,3,0,39.0,1,5,31.275,S,Mid-Aged Adults,6,No,C
611,612,0,3,1,38.0,0,0,7.05,S,Mid-Aged Adults,0,No,C
612,613,1,3,0,37.0,1,0,15.5,Q,Mid-Aged Adults,1,Yes,C
613,614,0,3,1,36.0,0,0,7.75,Q,Mid-Aged Adults,0,No,C
614,615,0,3,1,35.0,0,0,8.05,S,Mid-Aged Adults,0,No,C
615,616,1,2,0,24.0,1,2,65.0,S,Adults,3,Yes,B
616,617,0,3,1,34.0,1,1,14.4,S,Mid-Aged Adults,2,No,C
617,618,0,3,0,26.0,1,0,16.1,S,Adults,1,No,C
618,619,1,2,0,4.0,2,1,39.0,S,Children,3,Yes,B
619,620,0,2,1,26.0,0,0,10.5,S,Adults,0,No,B
620,621,0,3,1,27.0,1,0,14.4542,C,Adults,1,No,C
621,622,1,1,1,42.0,1,0,52.5542,S,Seniors,1,Yes,A
622,623,1,3,1,20.0,1,1,15.7417,C,Adults,2,Yes,C
623,624,0,3,1,21.0,0,0,7.8542,S,Adults,0,No,C
624,625,0,3,1,21.0,0,0,16.1,S,Adults,0,No,C
625,626,0,1,1,61.0,0,0,32.3208,S,Seniors,0,No,A
626,627,0,2,1,57.0,0,0,12.35,Q,Seniors,0,No,B
628,629,0,3,1,26.0,0,0,7.8958,S,Adults,0,No,C
629,630,0,3,1,53.0,0,0,7.7333,Q,Seniors,0,No,C
630,631,1,1,1,80.0,0,0,30.0,S,Seniors,0,Yes,A
631,632,0,3,1,51.0,0,0,7.0542,S,Seniors,0,No,C
632,633,1,1,1,32.0,0,0,30.5,C,Mid-Aged Adults,0,Yes,A
633,634,0,1,1,20.5,0,0,0.0,S,Adults,0,No,A
634,635,0,3,0,9.0,3,2,27.9,S,Teens,5,No,C
635,636,1,2,0,28.0,0,0,13.0,S,Adults,0,Yes,B
636,637,0,3,1,32.0,0,0,7.925,S,Mid-Aged Adults,0,No,C
637,638,0,2,1,31.0,1,1,26.25,S,Mid-Aged Adults,2,No,B
638,639,0,3,0,41.0,0,5,39.6875,S,Seniors,5,No,C
639,640,0,3,1,30.5,1,0,16.1,S,Mid-Aged Adults,1,No,C
640,641,0,3,1,20.0,0,0,7.8542,S,Adults,0,No,C
642,643,0,3,0,2.0,3,2,27.9,S,Children,5,No,C
643,644,1,3,1,1.375,0,0,56.4958,S,Children,0,Yes,C
644,645,1,3,0,0.75,2,1,19.2583,C,Children,3,Yes,C
646,647,0,3,1,19.0,0,0,7.8958,S,Young Adults,0,No,C
647,648,1,1,1,56.0,0,0,35.5,C,Seniors,0,Yes,A
648,649,0,3,1,39.5,0,0,7.55,S,Mid-Aged Adults,0,No,C
649,650,1,3,0,23.0,0,0,7.55,S,Adults,0,Yes,C
650,651,0,3,1,20.5,0,0,7.8958,S,Adults,0,No,C
651,652,1,2,0,18.0,0,1,23.0,S,Young Adults,1,Yes,B
652,653,0,3,1,21.0,0,0,8.4333,S,Adults,0,No,C
653,654,1,3,0,19.5,0,0,7.8292,Q,Young Adults,0,Yes,C
654,655,0,3,0,18.0,0,0,6.75,Q,Young Adults,0,No,C
656,657,0,3,1,25.0,0,0,7.8958,S,Adults,0,No,C
657,658,0,3,0,32.0,1,1,15.5,Q,Mid-Aged Adults,2,No,C
658,659,0,2,1,23.0,0,0,13.0,S,Adults,0,No,B
661,662,0,3,1,40.0,0,0,7.225,C,Seniors,0,No,C
662,663,0,1,1,47.0,0,0,25.5875,S,Seniors,0,No,A
663,664,0,3,1,36.0,0,0,7.4958,S,Mid-Aged Adults,0,No,C
664,665,1,3,1,20.0,1,0,7.925,S,Adults,1,Yes,C
666,667,0,2,1,25.0,0,0,13.0,S,Adults,0,No,B
667,668,0,3,1,34.0,0,0,7.775,S,Mid-Aged Adults,0,No,C
668,669,0,3,1,43.0,0,0,8.05,S,Seniors,0,No,C
669,670,1,1,0,41.5,1,0,52.0,S,Seniors,1,Yes,A
670,671,1,2,0,40.0,1,1,39.0,S,Seniors,2,Yes,B
671,672,0,1,1,31.0,1,0,52.0,S,Mid-Aged Adults,1,No,A
672,673,0,2,1,70.0,0,0,10.5,S,Seniors,0,No,B
673,674,1,2,1,31.0,0,0,13.0,S,Mid-Aged Adults,0,Yes,B
674,675,0,2,1,24.5,0,0,0.0,S,Adults,0,No,B
675,676,0,3,1,18.0,0,0,7.775,S,Young Adults,0,No,C
676,677,0,3,1,24.5,0,0,8.05,S,Adults,0,No,C
677,678,1,3,0,18.0,0,0,9.8417,S,Young Adults,0,Yes,C
678,679,0,3,0,43.0,1,6,46.9,S,Seniors,7,No,C
680,681,0,3,0,31.5,0,0,8.1375,Q,Mid-Aged Adults,0,No,C
682,683,0,3,1,20.0,0,0,9.225,S,Adults,0,No,C
683,684,0,3,1,14.0,5,2,46.9,S,Young Adults,7,No,C
684,685,0,2,1,60.0,1,1,39.0,S,Seniors,2,No,B
685,686,0,2,1,25.0,1,2,41.5792,C,Adults,3,No,B
686,687,0,3,1,14.0,4,1,39.6875,S,Young Adults,5,No,C
687,688,0,3,1,19.0,0,0,10.1708,S,Young Adults,0,No,C
688,689,0,3,1,18.0,0,0,7.7958,S,Young Adults,0,No,C
690,691,1,1,1,31.0,1,0,57.0,S,Mid-Aged Adults,1,Yes,A
691,692,1,3,0,4.0,0,1,13.4167,C,Children,1,Yes,C
692,693,1,3,1,14.5,0,0,56.4958,S,Young Adults,0,Yes,C
693,694,0,3,1,25.0,0,0,7.225,C,Adults,0,No,C
694,695,0,1,1,60.0,0,0,26.55,S,Seniors,0,No,A
695,696,0,2,1,52.0,0,0,13.5,S,Seniors,0,No,B
696,697,0,3,1,44.0,0,0,8.05,S,Seniors,0,No,C
697,698,1,3,0,43.0,0,0,7.7333,Q,Seniors,0,Yes,C
699,700,0,3,1,42.0,0,0,7.65,S,Seniors,0,No,C
701,702,1,1,1,35.0,0,0,26.2875,S,Mid-Aged Adults,0,Yes,A
702,703,0,3,0,18.0,0,1,14.4542,C,Young Adults,1,No,C
703,704,0,3,1,25.0,0,0,7.7417,Q,Adults,0,No,C
704,705,0,3,1,26.0,1,0,7.8542,S,Adults,1,No,C
705,706,0,2,1,39.0,0,0,26.0,S,Mid-Aged Adults,0,No,B
706,707,1,2,0,45.0,0,0,13.5,S,Seniors,0,Yes,B
707,708,1,1,1,42.0,0,0,26.2875,S,Seniors,0,Yes,A
709,710,1,3,1,33.0,1,1,15.2458,C,Mid-Aged Adults,2,Yes,C
710,711,1,1,0,24.0,0,0,49.5042,C,Adults,0,Yes,A
711,712,0,1,1,36.0,0,0,26.55,S,Mid-Aged Adults,0,No,A
712,713,1,1,1,48.0,1,0,52.0,S,Seniors,1,Yes,A
713,714,0,3,1,29.0,0,0,9.4833,S,Adults,0,No,C
714,715,0,2,1,52.0,0,0,13.0,S,Seniors,0,No,B
715,716,0,3,1,19.0,0,0,7.65,S,Young Adults,0,No,C
717,718,1,2,0,27.0,0,0,10.5,S,Adults,0,Yes,B
718,719,0,3,1,30.0,0,0,15.5,Q,Mid-Aged Adults,0,No,C
719,720,0,3,1,33.0,0,0,7.775,S,Mid-Aged Adults,0,No,C
720,721,1,2,0,6.0,0,1,33.0,S,Teens,1,Yes,B
721,722,0,3,1,17.0,1,0,7.0542,S,Young Adults,1,No,C
722,723,0,2,1,34.0,0,0,13.0,S,Mid-Aged Adults,0,No,B
723,724,0,2,1,50.0,0,0,13.0,S,Seniors,0,No,B
724,725,1,1,1,27.0,1,0,53.1,S,Adults,1,Yes,A
725,726,0,3,1,20.0,0,0,8.6625,S,Adults,0,No,C
726,727,1,2,0,30.0,3,0,21.0,S,Mid-Aged Adults,3,Yes,B
727,728,1,3,0,27.5,0,0,7.7375,Q,Adults,0,Yes,C
728,729,0,2,1,25.0,1,0,26.0,S,Adults,1,No,B
729,730,0,3,0,25.0,1,0,7.925,S,Adults,1,No,C
731,732,0,3,1,11.0,0,0,18.7875,C,Teens,0,No,C
732,733,0,2,1,17.0,0,0,0.0,S,Young Adults,0,No,B
733,734,0,2,1,23.0,0,0,13.0,S,Adults,0,No,B
734,735,0,2,1,23.0,0,0,13.0,S,Adults,0,No,B
735,736,0,3,1,28.5,0,0,16.1,S,Adults,0,No,C
736,737,0,3,0,48.0,1,3,34.375,S,Seniors,4,No,C
738,739,0,3,1,42.0,0,0,7.8958,S,Seniors,0,No,C
739,740,0,3,1,36.0,0,0,7.8958,S,Mid-Aged Adults,0,No,C
740,741,1,1,1,30.0,0,0,30.0,S,Mid-Aged Adults,0,Yes,A
743,744,0,3,1,24.0,1,0,16.1,S,Adults,1,No,C
744,745,1,3,1,31.0,0,0,7.925,S,Mid-Aged Adults,0,Yes,C
746,747,0,3,1,16.0,1,1,20.25,S,Young Adults,2,No,C
747,748,1,2,0,30.0,0,0,13.0,S,Mid-Aged Adults,0,Yes,B
748,749,0,1,1,19.0,1,0,53.1,S,Young Adults,1,No,A
749,750,0,3,1,31.0,0,0,7.75,Q,Mid-Aged Adults,0,No,C
750,751,1,2,0,4.0,1,1,23.0,S,Children,2,Yes,B
751,752,1,3,1,6.0,0,1,12.475,S,Teens,1,Yes,C
752,753,0,3,1,33.0,0,0,9.5,S,Mid-Aged Adults,0,No,C
753,754,0,3,1,23.0,0,0,7.8958,S,Adults,0,No,C
754,755,1,2,0,48.0,1,2,65.0,S,Seniors,3,Yes,B
755,756,1,2,1,0.67,1,1,14.5,S,Children,2,Yes,B
756,757,0,3,1,28.0,0,0,7.7958,S,Adults,0,No,C
757,758,0,2,1,18.0,0,0,11.5,S,Young Adults,0,No,B
758,759,0,3,1,34.0,0,0,8.05,S,Mid-Aged Adults,0,No,C
760,761,0,3,1,37.5,0,0,14.5,S,Mid-Aged Adults,0,No,C
761,762,0,3,1,41.0,0,0,7.125,S,Seniors,0,No,C
762,763,1,3,1,20.0,0,0,7.2292,C,Adults,0,Yes,C
764,765,0,3,1,16.0,0,0,7.775,S,Young Adults,0,No,C
766,767,0,1,1,23.25,0,0,39.6,C,Adults,0,No,A
767,768,0,3,0,30.5,0,0,7.75,Q,Mid-Aged Adults,0,No,C
768,769,0,3,1,31.25,1,0,24.15,Q,Mid-Aged Adults,1,No,C
769,770,0,3,1,32.0,0,0,8.3625,S,Mid-Aged Adults,0,No,C
770,771,0,3,1,24.0,0,0,9.5,S,Adults,0,No,C
771,772,0,3,1,48.0,0,0,7.8542,S,Seniors,0,No,C
772,773,0,2,0,57.0,0,0,10.5,S,Seniors,0,No,B
773,774,0,3,1,55.5,0,0,7.225,C,Seniors,0,No,C
774,775,1,2,0,54.0,1,3,23.0,S,Seniors,4,Yes,B
775,776,0,3,1,18.0,0,0,7.75,S,Young Adults,0,No,C
776,777,0,3,1,11.5,0,0,7.75,Q,Teens,0,No,C
777,778,1,3,0,5.0,0,0,12.475,S,Children,0,Yes,C
778,779,0,3,1,9.0,0,0,7.7375,Q,Teens,0,No,C
780,781,1,3,0,13.0,0,0,7.2292,C,Young Adults,0,Yes,C
781,782,1,1,0,17.0,1,0,57.0,S,Young Adults,1,Yes,A
782,783,0,1,1,29.0,0,0,30.0,S,Adults,0,No,A
783,784,0,3,1,27.0,1,2,23.45,S,Adults,3,No,C
784,785,0,3,1,25.0,0,0,7.05,S,Adults,0,No,C
785,786,0,3,1,25.0,0,0,7.25,S,Adults,0,No,C
786,787,1,3,0,18.0,0,0,7.4958,S,Young Adults,0,Yes,C
787,788,0,3,1,8.0,4,1,29.125,Q,Teens,5,No,C
788,789,1,3,1,1.0,1,2,20.575,S,Children,3,Yes,C
790,791,0,3,1,8.5,0,0,7.75,Q,Teens,0,No,C
791,792,0,2,1,16.0,0,0,26.0,S,Young Adults,0,No,B
793,794,0,1,1,20.5,0,0,30.6958,C,Adults,0,No,A
794,795,0,3,1,25.0,0,0,7.8958,S,Adults,0,No,C
795,796,0,2,1,39.0,0,0,13.0,S,Mid-Aged Adults,0,No,B
796,797,1,1,0,49.0,0,0,25.9292,S,Seniors,0,Yes,A
797,798,1,3,0,31.0,0,0,8.6833,S,Mid-Aged Adults,0,Yes,C
798,799,0,3,1,30.0,0,0,7.2292,C,Mid-Aged Adults,0,No,C
799,800,0,3,0,30.0,1,1,24.15,S,Mid-Aged Adults,2,No,C
800,801,0,2,1,34.0,0,0,13.0,S,Mid-Aged Adults,0,No,B
801,802,1,2,0,31.0,1,1,26.25,S,Mid-Aged Adults,2,Yes,B
803,804,1,3,1,0.42,0,1,8.5167,C,Children,1,Yes,C
804,805,1,3,1,27.0,0,0,6.975,S,Adults,0,Yes,C
805,806,0,3,1,31.0,0,0,7.775,S,Mid-Aged Adults,0,No,C
806,807,0,1,1,39.0,0,0,0.0,S,Mid-Aged Adults,0,No,A
807,808,0,3,0,18.0,0,0,7.775,S,Young Adults,0,No,C
808,809,0,2,1,39.0,0,0,13.0,S,Mid-Aged Adults,0,No,B
809,810,1,1,0,33.0,1,0,53.1,S,Mid-Aged Adults,1,Yes,A
810,811,0,3,1,26.0,0,0,7.8875,S,Adults,0,No,C
811,812,0,3,1,39.0,0,0,24.15,S,Mid-Aged Adults,0,No,C
812,813,0,2,1,35.0,0,0,10.5,S,Mid-Aged Adults,0,No,B
813,814,0,3,0,6.0,4,2,31.275,S,Teens,6,No,C
814,815,0,3,1,30.5,0,0,8.05,S,Mid-Aged Adults,0,No,C
815,816,0,1,1,26.75,0,0,0.0,S,Adults,0,No,A
816,817,0,3,0,23.0,0,0,7.925,S,Adults,0,No,C
817,818,0,2,1,31.0,1,1,37.0042,C,Mid-Aged Adults,2,No,B
818,819,0,3,1,43.0,0,0,6.45,S,Seniors,0,No,C
819,820,0,3,1,10.0,3,2,27.9,S,Teens,5,No,C
821,822,1,3,1,27.0,0,0,8.6625,S,Adults,0,Yes,C
822,823,0,1,1,38.0,0,0,0.0,S,Mid-Aged Adults,0,No,A
823,824,1,3,0,27.0,0,1,12.475,S,Adults,1,Yes,C
824,825,0,3,1,2.0,4,1,39.6875,S,Children,5,No,C
825,826,0,3,1,1.6666666666666667,0,0,6.95,Q,Children,0,No,C
826,827,0,3,1,1.3333333333333335,0,0,56.4958,S,Children,0,No,C
827,828,1,2,1,1.0,0,2,37.0042,C,Children,2,Yes,B
828,829,1,3,1,8.0,0,0,7.75,Q,Teens,0,Yes,C
830,831,1,3,0,15.0,1,0,14.4542,C,Young Adults,1,Yes,C
831,832,1,2,1,0.83,1,1,18.75,S,Children,2,Yes,B
832,833,0,3,1,11.915000000000001,0,0,7.2292,C,Teens,0,No,C
833,834,0,3,1,23.0,0,0,7.8542,S,Adults,0,No,C
834,835,0,3,1,18.0,0,0,8.3,S,Young Adults,0,No,C
836,837,0,3,1,21.0,0,0,8.6625,S,Adults,0,No,C
837,838,0,3,1,26.5,0,0,8.05,S,Adults,0,No,C
838,839,1,3,1,32.0,0,0,56.4958,S,Mid-Aged Adults,0,Yes,C
839,840,1,1,1,26.0,0,0,29.7,C,Adults,0,Yes,A
840,841,0,3,1,20.0,0,0,7.925,S,Adults,0,No,C
841,842,0,2,1,16.0,0,0,10.5,S,Young Adults,0,No,B
842,843,1,1,0,30.0,0,0,31.0,C,Mid-Aged Adults,0,Yes,A
843,844,0,3,1,34.5,0,0,6.4375,C,Mid-Aged Adults,0,No,C
844,845,0,3,1,17.0,0,0,8.6625,S,Young Adults,0,No,C
845,846,0,3,1,42.0,0,0,7.55,S,Seniors,0,No,C
847,848,0,3,1,35.0,0,0,7.8958,C,Mid-Aged Adults,0,No,C
848,849,0,2,1,28.0,0,1,33.0,S,Adults,1,No,B
850,851,0,3,1,4.0,4,2,31.275,S,Children,6,No,C
851,852,0,3,1,74.0,0,0,7.775,S,Seniors,0,No,C
852,853,0,3,0,9.0,1,1,15.2458,C,Teens,2,No,C
853,854,1,1,0,16.0,0,1,39.4,S,Young Adults,1,Yes,A
854,855,0,2,0,44.0,1,0,26.0,S,Seniors,1,No,B
855,856,1,3,0,18.0,0,1,9.35,S,Young Adults,1,Yes,C
857,858,1,1,1,51.0,0,0,26.55,S,Seniors,0,Yes,A
858,859,1,3,0,24.0,0,3,19.2583,C,Adults,3,Yes,C
859,860,0,3,1,32.5,0,0,7.2292,C,Mid-Aged Adults,0,No,C
860,861,0,3,1,41.0,2,0,14.1083,S,Seniors,2,No,C
861,862,0,2,1,21.0,1,0,11.5,S,Adults,1,No,B
862,863,1,1,0,48.0,0,0,25.9292,S,Seniors,0,Yes,A
864,865,0,2,1,24.0,0,0,13.0,S,Adults,0,No,B
865,866,1,2,0,42.0,0,0,13.0,S,Seniors,0,Yes,B
866,867,1,2,0,27.0,1,0,13.8583,C,Adults,1,Yes,B
867,868,0,1,1,31.0,0,0,50.4958,S,Mid-Aged Adults,0,No,A
868,869,0,3,1,17.5,0,0,9.5,S,Young Adults,0,No,C
869,870,1,3,1,4.0,1,1,11.1333,S,Children,2,Yes,C
870,871,0,3,1,26.0,0,0,7.8958,S,Adults,0,No,C
871,872,1,1,0,47.0,1,1,52.5542,S,Seniors,2,Yes,A
872,873,0,1,1,33.0,0,0,5.0,S,Mid-Aged Adults,0,No,A
873,874,0,3,1,47.0,0,0,9.0,S,Seniors,0,No,C
874,875,1,2,0,28.0,1,0,24.0,C,Adults,1,Yes,B
875,876,1,3,0,15.0,0,0,7.225,C,Young Adults,0,Yes,C
876,877,0,3,1,20.0,0,0,9.8458,S,Adults,0,No,C
877,878,0,3,1,19.0,0,0,7.8958,S,Young Adults,0,No,C
878,879,0,3,1,22.0,0,0,7.8958,S,Adults,0,No,C
880,881,1,2,0,25.0,0,1,26.0,S,Adults,1,Yes,B
881,882,0,3,1,33.0,0,0,7.8958,S,Mid-Aged Adults,0,No,C
882,883,0,3,0,22.0,0,0,10.5167,S,Adults,0,No,C
883,884,0,2,1,28.0,0,0,10.5,S,Adults,0,No,B
884,885,0,3,1,25.0,0,0,7.05,S,Adults,0,No,C
885,886,0,3,0,39.0,0,5,29.125,Q,Mid-Aged Adults,5,No,C
886,887,0,2,1,27.0,0,0,13.0,S,Adults,0,No,B
887,888,1,1,0,19.0,0,0,30.0,S,Young Adults,0,Yes,A
888,889,0,3,0,22.5,1,2,23.45,S,Adults,3,No,C
889,890,1,1,1,26.0,0,0,30.0,C,Adults,0,Yes,A
890,891,0,3,1,32.0,0,0,7.75,Q,Mid-Aged Adults,0,No,C
